{
  "People": [
    {
      "Name": "Ana",
      "CapacityHoursPerWeek": 40,
      "Color": "#ef4444",
      "Skills": [
        "react",
        "api"
      ]
    },
    {
      "Name": "Boris",
      "CapacityHoursPerWeek": 40,
      "Color": "#10b981",
      "Skills": [
        "dotnet",
        "sql",
        "api"
      ]
    },
    {
      "Name": "Ceda",
      "CapacityHoursPerWeek": 32,
      "Color": "#f59e0b",
      "Skills": [
        "qa",
        "pm"
      ]
    },
    {
      "Name": "Dina",
      "CapacityHoursPerWeek": 40,
      "Color": "#6366f1",
      "Skills": [
        "react",
        "design"
      ]
    },
    {
      "Name": "Ema",
      "CapacityHoursPerWeek": 24,
      "Color": "#06b6d4",
      "Skills": [
        "api",
        "etl",
        "sql"
      ]
    }
  ],
  "Banks": [
    {
      "Name": "Alpha Bank",
      "Color": "#2563eb"
    },
    {
      "Name": "Beta Bank",
      "Color": "#22c55e"
    },
    {
      "Name": "Gamma Bank",
      "Color": "#f97316"
    }
  ],
  "Projects": [
    {
      "Name": "Alpha PSD2",
      "BankId": 1,
      "Color": "#3b82f6",
      "Deadline": "2025-11-16T00:00:00+00:00"
    },
    {
      "Name": "Alpha Premium APIs",
      "BankId": 1
    },
    {
      "Name": "Beta PIS",
      "BankId": 2,
      "Deadline": "2025-12-16T00:00:00+00:00"
    },
    {
      "Name": "Gamma AISP",
      "BankId": 3
    }
  ],
  "ProjectMilestones": [
    {
      "ProjectId": 1,
      "Name": "Sandbox Live",
      "Date": "2025-09-08T00:00:00+00:00"
    },
    {
      "ProjectId": 3,
      "Name": "Go-Live",
      "Date": "2025-11-10T00:00:00+00:00"
    }
  ],
  "Tasks": [
    {
      "ProjectId": 1,
      "Title": "Gateway & mTLS setup",
      "EstimatedDays": 10,
      "StartDate": "2025-08-18T00:00:00+00:00",
      "DurationDays": 10,
      "Status": 2,
      "RequiredSkills": [
        "dotnet",
        "api"
      ],
      "OptimisticDays": 8,
      "MostLikelyDays": 10,
      "PessimisticDays": 14
    },
    {
      "ProjectId": 1,
      "Title": "AIS flows (redirect)",
      "EstimatedDays": 15,
      "StartDate": "2025-08-25T00:00:00+00:00",
      "DurationDays": 15,
      "Status": 1,
      "RequiredSkills": [
        "react",
        "api"
      ],
      "OptimisticDays": 12,
      "MostLikelyDays": 15,
      "PessimisticDays": 20
    },
    {
      "ProjectId": 3,
      "Title": "PIS flows (decoupled)",
      "EstimatedDays": 20,
      "StartDate": "2025-08-18T00:00:00+00:00",
      "DurationDays": 20,
      "Status": 1,
      "RequiredSkills": [
        "dotnet",
        "api"
      ],
      "OptimisticDays": 16,
      "MostLikelyDays": 20,
      "PessimisticDays": 28
    },
    {
      "ProjectId": 4,
      "Title": "Consent UI revamp",
      "EstimatedDays": 12,
      "StartDate": "2025-09-01T00:00:00+00:00",
      "DurationDays": 12,
      "Status": 1,
      "RequiredSkills": [
        "react",
        "design"
      ],
      "OptimisticDays": 10,
      "MostLikelyDays": 12,
      "PessimisticDays": 18
    },
    {
      "ProjectId": 2,
      "Title": "Fraud hooks + TRA",
      "EstimatedDays": 18,
      "StartDate": "2025-09-15T00:00:00+00:00",
      "DurationDays": 18,
      "Status": 0,
      "RequiredSkills": [
        "dotnet",
        "sql"
      ],
      "OptimisticDays": 14,
      "MostLikelyDays": 18,
      "PessimisticDays": 26
    }
  ],
  "TaskAssignments": [
    {
      "TaskId": 1,
      "PersonId": 2,
      "SharePercent": 100,
      "IsPrimary": true
    },
    {
      "TaskId": 2,
      "PersonId": 1,
      "SharePercent": 60,
      "IsPrimary": true
    },
    {
      "TaskId": 2,
      "PersonId": 4,
      "SharePercent": 40,
      "IsPrimary": false
    },
    {
      "TaskId": 3,
      "PersonId": 2,
      "SharePercent": 70,
      "IsPrimary": true
    },
    {
      "TaskId": 3,
      "PersonId": 5,
      "SharePercent": 30,
      "IsPrimary": false
    },
    {
      "TaskId": 4,
      "PersonId": 4,
      "SharePercent": 100,
      "IsPrimary": true
    }
  ],
  "TaskDependencies": [
    {
      "TaskId": 2,
      "DependsOnTaskId": 1
    }
  ],
  "TimeOffs": [
    {
      "PersonId": 2,
      "Date": "2025-08-27T00:00:00+00:00",
      "Hours": 8
    },
    {
      "PersonId": 1,
      "Date": "2025-09-03T00:00:00+00:00",
      "Hours": 8
    }
  ],
  "Holidays": [
    {
      "Date": "2025-09-01T00:00:00+00:00",
      "Name": "Bank Holiday",
      "Region": "default"
    }
  ]
}